<?xml version="1.0" encoding="UTF-8"?>
<config xmlns="http://www.sourceid.org/2004/05/config">
    <!--Dsig keystore information: name and password-->
    <item name="DsigKeystoreName">ping-dsig.jks</item>
    <item name="DsigKeystorePassword">eyJhbGciOiJkaXIiLCJlbmMiOiJBMTI4Q0JDLUhTMjU2Iiwia2lkIjoiUUFYNnZFcXU5RyIsInZlcnNpb24iOiI3LjMuMC41In0..g2KzhSMta9oCREDrwhwQew.ghDKYLsTPIxLZsW_vlnpCCqVEy-6P98-3eCESpvgFsQ.yR0vf9DzVYi1PqDZfXklQQ</item>
    <!--Do not modify-->
    <item name="DsigKeystoreType2">default</item>
    <!--Map of Dsig keystore aliases to passwords; the system uses this map
     to open private keys for generating signatures, X509
     authentication, etc. For each item, the name of the item maps
     to the alias of a private key, and the value of the item is the
     password to that particular key.-->
    <map name="DsigPrivateKeyPasswords"/>
    <!--Dsig public keystore information: name and password-->
    <item name="DsigPublicKeystoreName">ping-dsig-cert.jks</item>
    <item name="DsigPublicKeystorePassword"/>
    <!--Do not modify-->
    <item name="DsigPublicKeystoreType2">default</item>
    <!--SSL Keystore information: name and password-->
    <item name="SslKeystoreName">ping-ssl.jks</item>
    <item name="SslKeystorePassword"/>
    <!--Do not modify-->
    <item name="SslKeystoreType2">default</item>
    <!--Map of SSL client auth keystore aliases to passwords; the system uses this map
     to open private keys for generating signatures, X509
     authentication, etc. For each item, the name of the item maps
     to the alias of a private key and the value of the item is the
     password to that particular key-->
    <map name="SslPrivateKeyPasswords"/>
    <!--SSL public Keystore information: name and password-->
    <item name="SslPublicKeystoreName">ping-ssl-cert.jks</item>
    <item name="SslPublicKeystorePassword"/>
    <!--Do not modify-->
    <item name="SslPublicKeystoreType2">default</item>
    <!--SSL Server Keystore information: name and password-->
    <item name="SslServerKeystoreName">ping-ssl-server.jks</item>
    <item name="SslServerKeystorePassword">eyJhbGciOiJkaXIiLCJlbmMiOiJBMTI4Q0JDLUhTMjU2Iiwia2lkIjoiUUFYNnZFcXU5RyIsInZlcnNpb24iOiI3LjMuMC41In0..urPUAl7yjaMz0XbWUPy_OQ.3O_LqNYUv0QrhUkhxofc5ysCHa_pcLRiA37Ac9As6q8.mZw0TXPsUuc-9GB7RzTy2g</item>
    <!--Do not modify-->
    <item name="SslServerKeystoreType2">default</item>
    <!--Map of SSL Server keystore aliases to passwords; the system uses this map
         to open private keys for generating signatures, X509
         authentication, etc. For each item, the name of the item maps
         to the alias of a private key and the value of the item is the
         password to that particular key-->
    <map name="SslServerPrivateKeyPasswords">
        <item name="0miganjjsb25ckz29ww6z76fs">eyJhbGciOiJkaXIiLCJlbmMiOiJBMTI4Q0JDLUhTMjU2Iiwia2lkIjoiUUFYNnZFcXU5RyIsInZlcnNpb24iOiI3LjMuMC41In0..qES2sxxjac4YZtCUgjtFGQ.xXXHiY2EatoNZK-7FWSmeA.7PKRkBYLtDwImD8KkuQQxQ</item>
    </map>
    <!--Truststore Keystore information: name and password-->
    <item name="TrustKeystoreName">ping-trust.jks</item>
    <item name="TrustKeystorePassword">eyJhbGciOiJkaXIiLCJlbmMiOiJBMTI4Q0JDLUhTMjU2Iiwia2lkIjoiUUFYNnZFcXU5RyIsInZlcnNpb24iOiI3LjMuMC41In0..r7K36JAlXem5CIbBbhsHEg.ED7sIiPAIFNiBIpH4hhWKLrqg_x7__QNAEDlJTLQVd0.WZ1xa-xk1_xjcle5xfE-3Q</item>
    <!--You can specify a key store type here. Available keystore types are
          JKS     - Java Keystore
          nCipher.sworld - nCipher keystore
          LunaMP  - Luna keystore. It is available only when Luna HSM is used
          default - let the system select a keystore type for you. For Luna HSM 4, LunaMP is used and version 5 will use JKS.
                    For nCipher, nCipher.sworld is used. Otherwise, JKS is used-->
    <item name="TrustKeystoreType2">default</item>
</config>