<?xml version="1.0" encoding="UTF-8"?>
<urn:PluginConfiguration isInheritExtendedContractAttributes="false" name="pingid" xmlns:urn="urn:sourceid.org:saml2:adapter:conf">
    <urn:Fields>
        <urn:Field name="CHECK GROUPS">true</urn:Field>
        <urn:Field name="FAIL Login on PingID technical error">true</urn:Field>
        <urn:Field name="IF THE USER IS NOT ACTIVATED ON PINGID">fail</urn:Field>
        <urn:Field name="FAIL Login if the user is not member of the ldap group">true</urn:Field>
        <urn:Field name="RADIUS Server Authentication Port">1812</urn:Field>
        <urn:Field name="Domain postfix"/>
        <urn:Field name="PingID Properties File">idp_url 
org_alias 
use_signature 
admin_url 
use_base64_key
token</urn:Field>
        <urn:Field name="Server Threads"/>
        <urn:Field name="Enable RADIUS Server">true</urn:Field>
        <urn:Field name="Default Shared Secret"/>
        <urn:Field name="PingID service ID">vpn</urn:Field>
        <urn:Field name="State Encryption Key">eyJhbGciOiJkaXIiLCJlbmMiOiJBMTI4Q0JDLUhTMjU2Iiwia2lkIjoiUUFYNnZFcXU5RyIsInZlcnNpb24iOiI3LjMuMC41In0..27WGKXQxNO73TFr-JzC8JA.ExiSegc_vIJEuG-OHS1Wf2OnDwYx68wN3R7WA-skkk8SPmvp5guByoqQOSynivpb.7mEUIVlvWQ62iZR3gX66Fg</urn:Field>
        <urn:Field name="State Lifetime">300</urn:Field>
    </urn:Fields>
    <urn:AdvancedFields>
        <urn:Field name="Server Threads"/>
        <urn:Field name="Enable RADIUS Server">true</urn:Field>
        <urn:Field name="Default Shared Secret"/>
        <urn:Field name="PingID service ID">vpn</urn:Field>
        <urn:Field name="State Encryption Key">eyJhbGciOiJkaXIiLCJlbmMiOiJBMTI4Q0JDLUhTMjU2Iiwia2lkIjoiUUFYNnZFcXU5RyIsInZlcnNpb24iOiI3LjMuMC41In0..PON0uqVyWnEm_sqYg0fj8A.rFNwd46jmyrTJAwrz-4JjwA5I9no3lWBeQ-vxtoXhzgQgq5zZOQf_FnW3S9-jI0Y.wWfBd_Jg4ejKmPxP1MV0sw</urn:Field>
        <urn:Field name="State Lifetime">300</urn:Field>
    </urn:AdvancedFields>
    <urn:Tables>
        <urn:Table name="RADIUS Clients">
            <urn:Row>
                <urn:Field name="Client IP">1.1.1.1</urn:Field>
                <urn:Field name="Client Shared Secret">eyJhbGciOiJkaXIiLCJlbmMiOiJBMTI4Q0JDLUhTMjU2Iiwia2lkIjoiUUFYNnZFcXU5RyIsInZlcnNpb24iOiI3LjMuMC41In0..k8xx0O2ThuerJwsPE7GT9A.OUsiMx-bY4wRVdqBtgAeeg.8RHRL7P3vgah6zt5YWZ6eA</urn:Field>
            </urn:Row>
        </urn:Table>
        <urn:Table name="Delegate PCV's">
            <urn:Row>
                <urn:Field name="Delegate PCV">ldap</urn:Field>
            </urn:Row>
        </urn:Table>
        <urn:Table name="Member Of Groups">
            <urn:Row>
                <urn:Field name="LDAP Group Name">cn=PingID Trial, cn=Users, dc=corp, dc=com</urn:Field>
            </urn:Row>
        </urn:Table>
    </urn:Tables>
    <urn:ExtendedContractAttributes/>
</urn:PluginConfiguration>