<?xml version="1.0" encoding="UTF-8"?>
<ldap:ldap-sources xmlns:ldap="http://pingidentity.com/2004/09/ldap-ds">
    <ldap:ldap-source id="LDAP-17965DAA9358E6BEE691334C4FB438875E3519B4" maskAttributeValues="false" ldapType="ActiveDirectory" ldapTypeDesc="Active Directory" testOnBorrow="false" testOnReturn="false" createIfNecessary="true" minIdle="10" maxActive="100" maxWait="-1" timeBetweenEvictionRunsMillis="60000" readTimeoutMillis="3000" connTimeoutMillis="3000" verifyHost="true">
        <ldap:host>ad.corp</ldap:host>
        <ldap:principal>cn=PingID, cn=Users, dc=corp, dc=com</ldap:principal>
        <ldap:use-ssl>false</ldap:use-ssl>
        <ldap:credentials>eyJhbGciOiJkaXIiLCJlbmMiOiJBMTI4Q0JDLUhTMjU2Iiwia2lkIjoiUUFYNnZFcXU5RyIsInZlcnNpb24iOiI3LjMuMC41In0..mlDG5CbuuVR2wgNpSgbppg.tqKwn95CNXvOEtI1OJho7A.hF9d9ZQVPRTuAisf0TXR9A</ldap:credentials>
        <ldap:authenticationMeth>simple</ldap:authenticationMeth>
        <ldap:description>ad.corp</ldap:description>
        <ldap:binaryAttributes/>
    </ldap:ldap-source>
</ldap:ldap-sources>
